20-12-2025:09:00;119;101;true;swwwsw;19-12-2025:10:35
19-12-2025:10:27;119;101;true;mot;19-12-2025:10:29
20-12-2025:10:00;119;101;true;anulo;19-12-2025:11:29
20-12-2025:10:30;119;101;true;maricon;19-12-2025:11:51
20-12-2025:11:00;119;101;false;--;--
20-12-2025:09:00;119;103;false;--;--
19-12-2025:12:15;119;103;false;--;--
20-12-2025:09:00;119;102;false;--;--
19-12-2025:12:34;5001;101;true;Consulta realizada;19-12-2025:14:40
20-12-2025:09:00;5001;103;false;--;--
12-12-2004:12:30;119;101;true;Consulta realizada;19-12-2025:15:22
12-12-2020:12:30;5001;101;true;Consulta realizada;19-12-2025:15:22
